{
    "means": {
        "MITOREPORT-TEST-SAMPLE": 4989.796273291918,
        "180716_K00164_0158_ML182322_GM12877_MAN-20180711_NEXTERAWGS": 328.09565217391264,
        "180716_K00164_0158_ML182323_GM12878_MAN-20180711_NEXTERAWGS": 286.9490683229813,
        "180716_K00164_0158_ML182324_GM12879_MAN-20180711_NEXTERAWGS": 336.99503105590026
    },
    "medians": {
        "MITOREPORT-TEST-SAMPLE": 5024,
        "180716_K00164_0158_ML182322_GM12877_MAN-20180711_NEXTERAWGS": 329,
        "180716_K00164_0158_ML182323_GM12878_MAN-20180711_NEXTERAWGS": 289,
        "180716_K00164_0158_ML182324_GM12879_MAN-20180711_NEXTERAWGS": 337
    }
}
